firstname,lastname,birthdate,gender,luckynumber,gmail,wall,Name,city,state,address,areacode,number,Category,url,Profile,Date
Elijah,Vasquezzi,03/28/2001,2,9118,JacobVesperton9540@gmail.com,,MGA Crisis Support,,,1910 E Thomas Rd #102 Phoenix AZ,,(949) 432-4068,Health Counselor,,in progress,
Evelyn,Vandoren,10/13/1987,2,6276,JacobVesperton9540@gmail.com,,Silver Coast Institute,,,882 888 Freeway Dr N #22A Columbus OH,,(949) 438-2077,Health Counselor,,in progress,
James,Voltarin,04/12/2004,1,4156,JacobVesperton9540@gmail.com,,Mooresville Support and Resource,,,500 S Main St #12Mooresville NC,,(949) 309-3690,Health Counselor,,in progress,
Abigail,Valestra,02/26/1991,2,5504,GraceFalconridge7492@gmail.com,,Seaside Detox Information,,,21 Church St Rockville MD,,(949) 309-3677,Mental Health Service,,,
Benjamin,Forsetti,10/23/1996,1,2695,DanielVarethorn3681@gmail.com,,Turtleridge Healing Wellness,,,103 Ardis St Summerville SC,,(908) 448-2218,Health Counselor,,,
Emily,Valandri,05/04/1988,2,7232,LilyValencrest9631@gmail.com,,Sunset Detox Lexington,,,20 Biesecker Rd Lexington NC,,(484) 229-4282,Wellness Center,,,
Alexander,Valandri,02/23/1995,2,2744,MatthewThornfeld1204@gmail.com,,Unity Behavioral,,,6747 Dry Fork Rd Cleves OH,,(484) 214-1889,Health Counselor,,,
Ella,Wexleron,04/10/2001,2,9407,ChloeVexmore1862@gmail.com,,Veterans Detox Support Information,,,1011 Main St Klamath Falls OR,,(949) 335-5687,Health Counselor,,,
Scarlett,Bramwell,05/15/2000,1,1443,,,Walkers Wellness,,,1001 Lincoln Blvd Middlesex NJ,,(571) 297-2771,Wellness Center,,,
Jacob,Vesperton,07/08/1994,1,9540,,,Detox Resource and Assistance,,,11251 Coloma Rd Gold River CA,,(949) 994-6701,Wellness Center,,,
Grace,Falconridge,11/22/2005,1,7492,,,Drug Detox Grand Rapids,,,655 E University Dr Mesa AZ,,(949) 996-5768,Counselor,,,
Daniel,Varethorn,12/03/1992,2,3681,,,Drug Detox San Jose,,,801 Pine St Seattle WA,,(971) 358-7773,Counselor,,,
Lily,Valencrest,10/20/2000,2,9631,,,Aurora Serenity Detox Milwaukee,,,1258 Remount Rd North Charleston SC,,(971) 442-9351,Health Counselor,,,
Matthew,Thornfeld,12/20/2002,2,1204,,,B.O.H. Detox Assistance Athens,,,655 Meeting St Charleston SC,,(908) 315-3740,Health Counselor,,,
Chloe,Vexmore,06/13/2004,1,1862,,,Blue Oceans Behavioral,,,44 Stockman St West Orange NJ,,(908) 333-4440,Health Counselor,,,
Henry,Hollifield,03/20/1998,2,9228,,,Sisters Detox Support and Resource,,,141 W Main Ave Sisters OR,,(518) 557-8536,Health Counselor,,,
Madison,Valecrest,04/24/1995,1,7669,,,Cobb Wellness,,,2436 US Highway 41 Schererville IN,,(337) 210-9366,Mental Health Service,,,
William,Lunarktis,12/11/2003,2,1225,,,Elements Detox Fountain Inn,,,250 Wilson Bridge Rd Fountain Inn SC,,(949) 522-9437,Health Counselor,,,
Aria,Valencrest,10/16/1985,2,8058,,,Drug Detox Wichita OH,,,220 Eastview Dr Brooklyn Heights OH,,(949) 522-4312,Wellness Center,,,
Samuel,Thornefield,05/11/1985,2,9567,,,Fort Wayne Detox Consultants,,,3900 Leeds Ave North Charleston SC,,(949) 503-8384,Health Counselor,,,
Zoey,Vandermire,07/27/2001,1,9189,,,GRN Detox Assistance Kirkland,,,166 W Main St Georgetown KY,,(518) 631-4423,Health Counselor,,,
Joseph,Harpstead,10/16/2003,1,4196,,,Life Path Detox,,,3745 Sycamore Dairy Rd Fayetteville NC,,(949) 522-4312,Wellness Center,,,
Mila,Caldarice,04/05/1990,1,6265,,,Your Detox Assistance,,,13435 E Wade Hampton Blvd Greer SC,,(949) 503-8384,Wellness Center,,,
David,Lurentzaga,03/16/2003,2,7634,,,,,,590 Old Mount Holly Rd Goose Creek SC,,(337) 210-9364,Counselor,,,
Nora,Valtierra,05/13/2003,2,2341,,,,,,7216 Cross Park Dr North Charleston SC,,(224) 292-6441,Counselor,,,
Sebastian,Verranzo,12/04/1995,2,2629,,,,,,307 W Baltimore St Baltimore MD,,(234) 200-4022,Health Counselor,,,
Ellie,Varelli,06/21/1991,1,2456,,,,,,2401 Directors Row Indianapolis IN,,(417) 822-5686,Health Counselor,,,
Caleb,Varyanov,07/05/2000,2,3834,,,,,,270 Bypass Rd Brandenburg KY,,(207) 430-1468,Health Counselor,,,
Penelope,Eldricson,07/10/1992,1,8821,,,,,,2907 2909 Richmond Rd Lexington KY,,(207) 430-1469,Health Counselor,,,
Christopher,Vandersyn,02/14/1993,2,4286,,,,,,1366 Route 38 Hainesport NJ,,(717) 346-8906,Mental Health Service,,,
Violet,Veselkov,05/10/2004,2,4517,,,,,,355 NE 2nd St Bend OR,,(207) 430-1472,Health Counselor,,,
Anthony,Vossanetti,12/09/1995,2,7466,,,,,,23416 Highway 99 Edmonds WA,,(302) 213-1745,Wellness Center,,,
Layla,Veralinde,03/18/1987,1,7709,,,,,,3 Aspen Dr Randolph NJ,,(601) 608-7730,Health Counselor,,,
Adam,Vandoren,11/25/1990,1,7604,,,,,,6465 6473 Taylor Mill Rd Independence KY,,(717) 346-1796,Health Counselor,,,
Jacob,Vandralis,04/20/1988,1,8829,,,,,,26300 Euclid Ave Cleveland OH,,(229) 302-5895,Wellness Center,,,
Nasim,Vorlund,07/13/1985,2,7332,,,,,,12404 NE Halsey St Portland OR,,(539) 242-5871,Wellness Center,,,
Jennifer,Vandirum,06/03/1987,2,5547,,,,,,11028 11040 96th Pl Saint John IN,,(601) 620-2558,Counselor,,,
Bryan,Luxemore,07/20/1992,2,4049,,,,,,1750 Seddon Ct Ashland OH,,(207) 430-1474,Counselor,,,
Jonnah,Kovarik,03/25/1987,1,8860,,,,,,17535 Terry Lee Crossing Noblesville IN,,(603) 369-4219,Health Counselor,,,
Milwakee,Malankoi,07/20/1997,2,2335,,,,,,1306 N Roberts Ave Lumberton NC,,(520) 595-5087,Health Counselor,,,
Suki,Veldorin,12/25/2000,1,9944,,,,,,4218 4246 NE Sandy Blvd Portland OR,,(775) 297-4152,Health Counselor,,,
Xi,Vanelis,07/07/1987,2,7839,,,,,,285 S Stratford Rd Winston Salem NC,,(207) 245-1384,Health Counselor,,,
Mozzart,Vasquezaro,04/16/1998,2,9030,,,,,,7307 Grove Rd Frederick MD,,(385) 314-3404,Mental Health Service,,,
Sally,Trevonai,11/14/1999,2,9385,,,,,,6760 N Oracle Rd Tucson AZ,,(984) 849-1085,Health Counselor,,,
Soleh,Vespera,11/07/2005,1,7645,,,,,,10111 Sweet Valley Dr Valley View OH,,(502) 699-4447,Wellness Center,,,
Soul,Veldtman,02/05/2005,1,6014,,,,,,2014 S Main St Corbin KY,,(234) 226-4493,Health Counselor,,,
June,Vellandri,09/14/2000,1,6827,,,,,,102 101 King St Kernersville NC,,(775) 350-1609,Health Counselor,,,
Amina,Valerescu,04/27/2002,2,8736,,,,,,1488 McNeill Rd Sanford NC,,(208) 293-8637,Wellness Center,,,
Hiroshi,Valencrest,05/24/1998,2,8226,,,,,,805 S Main St Salem IN,,(984) 849-0708,Wellness Center,,,
,,,,,,,,,,2204 Garnet Ave San Diego CA,,(314) 222-4677,Counselor,,,
,,,,,,,,,,11755 SE Capps Rd Clackamas OR,,(757) 785-0558,Counselor,,,
,,,,,,,,,,19 N County Line Rd Jackson NJ,,(442) 224-6925,Health Counselor,,,
,,,,,,,,,,487 Wright Debow Rd Jackson NJ,,(503) 783-9297,Health Counselor,,,
,,,,,,,,,,2 Indiana Ave Valparaiso IN,,(224) 265-7135,Health Counselor,,,
,,,,,,,,,,5976 SE Alexander St Hillsboro OR,,(385) 314-3404,Health Counselor,,,
,,,,,,,,,,8601 Georgia Ave Silver Spring MD,,(984) 849-1085,Mental Health Service,,,
,,,,,,,,,,184 NE Franklin Ave Bend OR,,(502) 699-4447,Health Counselor,,,
,,,,,,,,,,3519 N Eden St Spokane WA,,,,,,
,,,,,,,,,,350 W Colorado Blvd Pasadena CA,,,,,,
,,,,,,,,,,1260 Interchange Way Indianapolis IN,,,,,,
,,,,,,,,,,905 Miami St Akron OH,,,,,,
,,,,,,,,,,158 Danforth St Portland ME,,,,,,
Lucia,,,,,,,,,,201 Ferry St SE Salem OR,,,,,,
Ahmed,,,,,,,,,,3901 Calverton Blvd Calverton MD,,,,,,
Mei,,,,,,,,,,145 Williman St Charleston SC,,,,,,
Sven,,,,,,,,,,1700 S Price Rd Chandler AZ,,,,,,
Leila,,,,,,,,,,6101 200th St SW Lynnwood WA,,,,,,
Rajesh,,,,,,,,,,7821 Enchanted Hills Blvd NE Rio Rancho NM,,,,,,
Fatima,,,,,,,,,,8057 Raytheon Rd San Diego CA,,,,,,
Nikita,,,,,,,,,,20414 N 27th Ave Phoenix AZ,,,,,,
Karim,,,,,,,,,,111 Powell Mill Rd Spartanburg SC,,,,,,
Yara,,,,,,,,,,2006 Reynolds Ave North Charleston SC,,,,,,
Felipe,,,,,,,VitalEdge Detox,Albuquerque,New Mexico,"3301 Menaul Blvd NE, Albuquerque, NM 87109",,,Counselor,,,
Yuki,,,,,,,PureStream Detox,Gardena,California,"1141 W Redondo Beach Blvd, Gardena, CA 90247",,,Mental Health Service,,,
Zahra,,,,,,,Serenity Springs Detox,Cleveland,Ohio,"3121 Euclid Ave, Cleveland, OH 44115",,,Wellness Center,,,
Omar,,,,,,,Horizon Detox Resource,Fremont,California,"3448 Mowry Ave, Fremont, CA 94538",,,Counselor,,,
Zora,,,,,,,SilverLine Detox Solutions,Shelbyville,Kentucky,"26 Village Plaza Dr, Shelbyville, KY 40065",,,Mental Health Service,,,
Raji,,,,,,,Harmony Detox Care,Carefree,Arizona,"7208 E Ho Rd, Carefree, AZ 85331",,,Wellness Center,,,
Luisa,,,,,,,OasisView Detox,Minneapolis,Minnesota,"2901 Thomas Ave N, Minneapolis, MN 55416",,,Counselor,,,
Luis,,,,,,,ClearHaven Detox,Boerne,Texas,"116 Herff Rd, Boerne, TX 78006",,,Mental Health Service,,,
Hana,,,,,,,Radiant Detox Path,Yorktown,Virginia,"4336 George Washington Mem Hwy, Yorktown, VA 23692",,,Wellness Center,,,
Tariq,,,,,,,ThriveLine Detox,National City,California,"800 B Ave, National City, CA 91950",,,Counselor,,,
Ingrid,,,,,,,HopeSpring Detox,San Rafael,California,"888 4th St, San Rafael, CA 94901",,,Mental Health Service,,,
Marco,,,,,,,Renewal Detox Network,Mukilteo,Washington,"1436 U St NW, Washington, DC 20009",,,Wellness Center,,,
Soraya,,,,,,,Solace Detox Solutions,Mount Laurel,New Jersey,"6000 Midlantic Dr, Mount Laurel, NJ 08054",,,Counselor,,,
Kai,,,,,,,Meadowview Detox,McKinney,Texas,"2801 S Stonebridge Dr, McKinney, TX 75072",,,Mental Health Service,,,
Anaïs,,,,,,,Summit Detox Path,San Francisco,California,"1715 Polk St, San Francisco, CA 94109",,,Wellness Center,,,
Ilya,,,,,,,Beacon Detox Resource,Oakland,California,"3700 E 12th St, Oakland, CA 94601",,,Counselor,,,
Seong,,,,,,,GoldenHaven Detox,Campbell,California,"2360 S Bascom Ave, Campbell, CA 95008",,,Mental Health Service,,,
Mina,,,,,,,VitalStream Detox,Braintree,Massachusetts,"150 Granite St, Braintree, MA 02184",,,Wellness Center,,,
Mustafa,,,,,,,PurePath Detox,San Francisco,California,"33 Falmouth St, San Francisco, CA 94107",,,Counselor,,,
Alina,,,,,,,BrightRise Detox,Gig Harbor,Washington,"6745 Kimball Dr, Gig Harbor, WA 98335",,,Mental Health Service,,,
Diego,,,,,,,SilverStream Detox,Tomball,Texas,"1100 W Main St, Tomball, TX 77375",,,Wellness Center,,,
Aya,,,,,,,ClearVista Detox,Lakewood,California,"3950 Paramount Blvd, Lakewood, CA 90712",,,Counselor,,,
Joaquín,,,,,,,TranquilPoint Detox,Martinez,California,"1160 Arnold Dr, Martinez, CA 94553",,,Mental Health Service,,,
Aditya,,,,,,,GreenPeak Detox,Saint Louis,Missouri,"8221 Clayton Rd, Saint Louis, MO 63117",,,Wellness Center,,,
Farah,,,,,,,SerenePath Detox,Hemet,California,"2095 E Florida Ave, Hemet, CA 92544",,,Counselor,,,
Tomoko,,,,,,,UnityStream Detox,Richmond,California,"13222 San Pablo Ave, San Pablo, CA 94806",,,Mental Health Service,,,
Amir,,,,,,,Aspire Detox Care,Danvers,Massachusetts,"15 Elm St, Danvers, MA 01923",,,Wellness Center,,,
Sofia,,,,,,,RenewVista Detox,Philadelphia,Pennsylvania,"1415 N Broad St, Philadelphia, PA 19122",,,Counselor,,,
Pavel,,,,,,,VitalPoint Detox,Little Rock,Arkansas,"10901 N Rodney Parham Rd, Little Rock, AR 72212",,,Mental Health Service,,,
Laila,,,,,,,RadiantBridge Detox,San Tan Valley,Arizona,"155 W Combs Rd, San Tan Valley, AZ 85140",,,Wellness Center,,,
Emre,,,,,,,BeaconRise Detox,Salt Lake City,Utah,"1925 W North Temple, Salt Lake City, UT 84116",,,Counselor,,,
Ksenia,,,,,,,Sunrise Detox Solutions,Peoria,Arizona,"16150 N Arrowhead Fountains Ctr Dr, Peoria, AZ 85382",,,Mental Health Service,,,
Malik,,,,,,,ThrivePoint Detox,Keller,Texas,"100 Bourland Rd, Keller, TX 76248",,,Wellness Center,,,
Yasmin,,,,,,,CrestHaven Detox,Tulsa,Oklahoma,"2021 S Lewis Ave, Tulsa, OK 74104",,,Counselor,,,
Ryo,,,,,,,BrightEdge Detox,Scottsdale,Arizona,"7975 N Hayden Rd, Scottsdale, AZ 85258",,,Mental Health Service,,,
Leandro,,,,,,,HarmonyPath Detox,Skokie,Illinois,"5020 W Dempster St, Skokie, IL 60077",,,Wellness Center,,,
Amara,,,,,,,ClarityRise Detox,Overland Park,Kansas,"11880 College Blvd, Overland Park, KS 66210",,,Counselor,,,
Hanan,,,,,,,SilverEdge Detox,Vancouver,Washington,"215 W 4th St, Vancouver, WA 98660",,,Mental Health Service,,,
,,,,,,,PureHaven Detox,McAllen,Texas,"6401 S 23rd St, McAllen, TX 78503",,,Wellness Center,,,
,,,,,,,MeadowEdge Detox,Lafayette,Indiana,"935 IN-25, Lafayette, IN 47909",,,Counselor,,,
,,,,,,,TrueStream Detox,Norman,Oklahoma,"201 David L. Boren Blvd, Norman, OK 73072",,,Mental Health Service,,,
,,,,,,,ClearBridge Detox,Dallas,Texas,"5701 Maple Ave, Dallas, TX 75235",,,Wellness Center,,,
,,,,,,,SerenityPath Detox,Naperville,Illinois,"1100 E Warrenville Rd, Naperville, IL 60563",,,Counselor,,,
,,,,,,,BlueHaven Detox,Killeen,Texas,"3401 W Stan Schlueter Loop, Killeen, TX 76549",,,Mental Health Service,,,
,,,,,,,SolacePath Detox,Long Beach,California,"4801 Airport Plaza Dr, Long Beach, CA 90815",,,Wellness Center,,,
,,,,,,,ClearPath Detox Solutions,Denver,Colorado,"4380 S Syracuse St, Denver, CO 80237",,,Counselor,,,
,,,,,,,VitalStream Detox Resource,Odessa,Texas,"2901 E Interstate 20, Odessa, TX 79766",,,Mental Health Service,,,
,,,,,,,Radiance Detox Solutions,Saint George,Utah,"1450 S River Rd, Saint George, UT 84790",,,Wellness Center,,,