firstname,lastname,birthdate,gender,luckynumber,gmail,date
Amelia,Kalderon,07/07/1991,1,8424,AmeliaKalderon8424@gmail.com,2025-01-27
Lucas,Vespera,04/04/1996,1,6698,LucasVespera6698@gmail.com,2025-01-27
Harper,Valkorvick,04/06/1989,2,2245,HarperValkorvick2245@gmail.com,2025-01-27
Elijah,Vasquezzi,03/28/2001,2,9118,ElijahVasquezzi9118@gmail.com,2025-01-27
Evelyn,Vandoren,10/13/1987,2,6276,EvelynVandoren6276@gmail.com,2025-01-27
James,Voltarin,04/12/2004,1,4156,JamesVoltarin4156@gmail.com,2025-01-28
Abigail,Valestra,02/26/1991,2,5504,AbigailValestra5504@gmail.com,2025-01-28
Benjamin,Forsetti,10/23/1996,1,2695,BenjaminForsetti2695@gmail.com,2025-01-28
Emily,Valandri,05/04/1988,2,7232,EmilyValandri7232@gmail.com,2025-01-28
Alexander,Valandri,02/23/1995,2,2744,AlexanderValandri2744@gmail.com,2025-01-28
Ella,Wexleron,04/10/2001,2,9407,EllaWexleron9407@gmail.com,2025-01-28
Scarlett,Bramwell,05/15/2000,1,1443,ScarlettBramwell1443@gmail.com,2025-01-28
Jacob,Vesperton,07/08/1994,1,9540,JacobVesperton9540@gmail.com,2025-01-28
Grace,Falconridge,11/22/2005,1,7492,GraceFalconridge7492@gmail.com,2025-01-28
Daniel,Varethorn,12/03/1992,2,3681,DanielVarethorn3681@gmail.com,2025-01-28
Lily,Valencrest,10/20/2000,2,9631,LilyValencrest9631@gmail.com,2025-01-28
Matthew,Thornfeld,12/20/2002,2,1204,MatthewThornfeld1204@gmail.com,2025-01-28
Chloe,Vexmore,06/13/2004,1,1862,ChloeVexmore1862@gmail.com,2025-01-28
Henry,Hollifield,03/20/1998,2,9228,HenryHollifield9228@gmail.com,2025-01-28
Madison,Valecrest,04/24/1995,1,7669,MadisonValecrest7669@gmail.com,2025-01-28
William,Lunarktis,12/11/2003,2,1225,WilliamLunarktis1225@gmail.com,2025-01-28
Aria,Valencrest,10/16/1985,2,8058,AriaValencrest8058@gmail.com,2025-01-28
Zoey,Vandermire,07/27/2001,1,9189,ZoeyVandermire9189@gmail.com,2025-01-29
Mila,Caldarice,04/05/1990,1,6265,koallajenkins@gmail.com,2025-02-04
David,Lurentzaga,03/16/2003,2,7634,DavidLurentzaga@gmail.com,2025-02-04
Nora,Valtierra,05/13/2003,2,2341,NoraValtierra016@gmail.com,2025-02-04
Sebastian,Verranzo,12/04/1995,2,2629,SebastianVerranzo2629@gmail.com,2025-02-04
Ellie,Varelli,06/21/1991,1,2456,EllieVarelli2456@gmail.com,2025-02-05
Caleb,Varyanov,07/05/2000,2,3834,CalebVaryanov3834@gmail.com,2025-02-05
Penelope,Eldricson,07/10/1992,1,8821,PenelopeEldricson8821@gmail.com,2025-02-05
Christopher,Vandersyn,02/14/1993,2,4286,ChristopherVandersyn4286@gmail.com,2025-02-05
Violet,Veselkov,05/10/2004,2,4517,VioletVeselkov4517@gmail.com,2025-02-05
Anthony,Vossanetti,12/09/1995,2,7466,AnthonyVossanetti7466@gmail.com,2025-02-05
Layla,Veralinde,03/18/1987,1,7709,LaylaVeralinde7709@gmail.com,2025-02-05
Adam,Vandoren,11/25/1990,1,7604,AdamVandoren7604@gmail.com,2025-02-05
Jacob,Vandralis,04/20/1988,1,8829,JacobVandralis8829@gmail.com,2025-02-05
Nasim,Vorlund,07/13/1985,2,7332,NasimVorlund7332@gmail.com,2025-02-05
Jennifer,Vandirum,06/03/1987,2,5547,JenniferVandirum5547@gmail.com,2025-02-05
Bryan,Luxemore,07/20/1992,2,4049,BryanLuxemore4049@gmail.com,2025-02-05
Jonnah,Kovarik,03/25/1987,1,8860,JonnahKovarik8860@gmail.com,2025-02-05
Milwakee,Malankoi,07/20/1997,2,2335,MilwakeeMalankoi2335@gmail.com,2025-02-05
Suki,Veldorin,12/25/2000,1,9944,SukiVeldorin9944@gmail.com,2025-02-05
Xi,Vanelis,07/07/1987,2,7839,XiVanelis7839@gmail.com,2025-02-05
Mozzart,Vasquezaro,04/16/1998,2,9030,MozzartVasquezaro9030@gmail.com,2025-02-05
Sally,Trevonai,11/14/1999,2,9385,SallyTrevonai9385@gmail.com,2025-02-05
Soleh,Vespera,11/07/2005,1,7645,SolehVespera7645@gmail.com,
Soul,Veldtman,02/05/2005,1,6014,SoulVeldtman6014@gmail.com,
June,Vellandri,09/14/2000,1,6827,JuneVellandri6827@gmail.com,
Amina,Valerescu,04/27/2002,2,8736,AminaValerescu8736@gmail.com,
Hiroshi,Valencrest,05/24/1998,2,8226,HiroshiValencrest8226@gmail.com,
